{
  "minecraft:adventure/adventuring_time": {
    "type": "challenge",
    "icon": "minecraft:diamond_boots",
    "title": "advancements.adventure.adventuring_time.title",
    "description": "advancements.adventure.adventuring_time.description",
    "requirements": [
      "minecraft:birch_forest_hills",
      "minecraft:river",
      "minecraft:swamp",
      "minecraft:desert",
      "minecraft:wooded_hills",
      "minecraft:giant_tree_taiga_hills",
      "minecraft:snowy_taiga",
      "minecraft:badlands",
      "minecraft:forest",
      "minecraft:stone_shore",
      "minecraft:snowy_tundra",
      "minecraft:taiga_hills",
      "minecraft:snowy_mountains",
      "minecraft:wooded_badlands_plateau",
      "minecraft:savanna",
      "minecraft:plains",
      "minecraft:frozen_river",
      "minecraft:giant_tree_taiga",
      "minecraft:snowy_beach",
      "minecraft:jungle_hills",
      "minecraft:jungle_edge",
      "minecraft:mushroom_field_shore",
      "minecraft:mountains",
      "minecraft:desert_hills",
      "minecraft:jungle",
      "minecraft:beach",
      "minecraft:savanna_plateau",
      "minecraft:snowy_taiga_hills",
      "minecraft:badlands_plateau",
      "minecraft:dark_forest",
      "minecraft:taiga",
      "minecraft:birch_forest",
      "minecraft:mushroom_fields",
      "minecraft:wooded_mountains",
      "minecraft:warm_ocean",
      "minecraft:lukewarm_ocean",
      "minecraft:cold_ocean",
      "minecraft:deep_lukewarm_ocean",
      "minecraft:deep_cold_ocean",
      "minecraft:deep_frozen_ocean",
      "minecraft:bamboo_jungle",
      "minecraft:bamboo_jungle_hills"
    ],
    "requirement_names": {
      "minecraft:birch_forest_hills": "biome.minecraft.birch_forest_hills",
      "minecraft:river": "biome.minecraft.river",
      "minecraft:swamp": "biome.minecraft.swamp",
      "minecraft:desert": "biome.minecraft.desert",
      "minecraft:wooded_hills": "biome.minecraft.wooded_hills",
      "minecraft:giant_tree_taiga_hills": "biome.minecraft.giant_tree_taiga_hills",
      "minecraft:snowy_taiga": "biome.minecraft.snowy_taiga",
      "minecraft:badlands": "biome.minecraft.badlands",
      "minecraft:forest": "biome.minecraft.forest",
      "minecraft:stone_shore": "biome.minecraft.stone_shore",
      "minecraft:snowy_tundra": "biome.minecraft.snowy_tundra",
      "minecraft:taiga_hills": "biome.minecraft.taiga_hills",
      "minecraft:snowy_mountains": "biome.minecraft.snowy_mountains",
      "minecraft:wooded_badlands_plateau": "biome.minecraft.wooded_badlands_plateau",
      "minecraft:savanna": "biome.minecraft.savanna",
      "minecraft:plains": "biome.minecraft.plains",
      "minecraft:frozen_river": "biome.minecraft.frozen_river",
      "minecraft:giant_tree_taiga": "biome.minecraft.giant_tree_taiga",
      "minecraft:snowy_beach": "biome.minecraft.snowy_beach",
      "minecraft:jungle_hills": "biome.minecraft.jungle_hills",
      "minecraft:jungle_edge": "biome.minecraft.jungle_edge",
      "minecraft:mushroom_field_shore": "biome.minecraft.mushroom_field_shore",
      "minecraft:mountains": "biome.minecraft.mountains",
      "minecraft:desert_hills": "biome.minecraft.desert_hills",
      "minecraft:jungle": "biome.minecraft.jungle",
      "minecraft:beach": "biome.minecraft.beach",
      "minecraft:savanna_plateau": "biome.minecraft.savanna_plateau",
      "minecraft:snowy_taiga_hills": "biome.minecraft.snowy_taiga_hills",
      "minecraft:badlands_plateau": "biome.minecraft.badlands_plateau",
      "minecraft:dark_forest": "biome.minecraft.dark_forest",
      "minecraft:taiga": "biome.minecraft.taiga",
      "minecraft:birch_forest": "biome.minecraft.birch_forest",
      "minecraft:mushroom_fields": "biome.minecraft.mushroom_fields",
      "minecraft:wooded_mountains": "biome.minecraft.wooded_mountains",
      "minecraft:warm_ocean": "biome.minecraft.warm_ocean",
      "minecraft:lukewarm_ocean": "biome.minecraft.lukewarm_ocean",
      "minecraft:cold_ocean": "biome.minecraft.cold_ocean",
      "minecraft:deep_lukewarm_ocean": "biome.minecraft.deep_lukewarm_ocean",
      "minecraft:deep_cold_ocean": "biome.minecraft.deep_cold_ocean",
      "minecraft:deep_frozen_ocean": "biome.minecraft.deep_frozen_ocean",
      "minecraft:bamboo_jungle": "biome.minecraft.bamboo_jungle",
      "minecraft:bamboo_jungle_hills": "biome.minecraft.bamboo_jungle_hills"
    }
  },
  "minecraft:adventure/arbalistic": {
    "type": "challenge",
    "icon": "minecraft:crossbow",
    "title": "advancements.adventure.arbalistic.title",
    "description": "advancements.adventure.arbalistic.description"
  },
  "minecraft:adventure/hero_of_the_village": {
    "type": "challenge",
    "icon": "minecraft:white_banner",
    "title": "advancements.adventure.hero_of_the_village.title",
    "description": "advancements.adventure.hero_of_the_village.description"
  },
  "minecraft:adventure/honey_block_slide": {
    "type": "task",
    "icon": "minecraft:honey_block",
    "title": "advancements.adventure.honey_block_slide.title",
    "description": "advancements.adventure.honey_block_slide.description"
  },
  "minecraft:adventure/kill_a_mob": {
    "type": "task",
    "icon": "minecraft:iron_sword",
    "title": "advancements.adventure.kill_a_mob.title",
    "description": "advancements.adventure.kill_a_mob.description"
  },
  "minecraft:adventure/kill_all_mobs": {
    "type": "challenge",
    "icon": "minecraft:diamond_sword",
    "title": "advancements.adventure.kill_all_mobs.title",
    "description": "advancements.adventure.kill_all_mobs.description",
    "requirements": [
      "minecraft:cave_spider",
      "minecraft:spider",
      "minecraft:zombie_pigman",
      "minecraft:enderman",
      "minecraft:blaze",
      "minecraft:creeper",
      "minecraft:evoker",
      "minecraft:ghast",
      "minecraft:guardian",
      "minecraft:husk",
      "minecraft:magma_cube",
      "minecraft:shulker",
      "minecraft:silverfish",
      "minecraft:skeleton",
      "minecraft:slime",
      "minecraft:stray",
      "minecraft:vindicator",
      "minecraft:witch",
      "minecraft:wither_skeleton",
      "minecraft:zombie",
      "minecraft:zombie_villager",
      "minecraft:phantom",
      "minecraft:drowned",
      "minecraft:pillager",
      "minecraft:ravager"
    ],
    "requirement_names": {
      "minecraft:cave_spider": "entity.minecraft.cave_spider",
      "minecraft:spider": "entity.minecraft.spider",
      "minecraft:zombie_pigman": "entity.minecraft.zombie_pigman",
      "minecraft:enderman": "entity.minecraft.enderman",
      "minecraft:blaze": "entity.minecraft.blaze",
      "minecraft:creeper": "entity.minecraft.creeper",
      "minecraft:evoker": "entity.minecraft.evoker",
      "minecraft:ghast": "entity.minecraft.ghast",
      "minecraft:guardian": "entity.minecraft.guardian",
      "minecraft:husk": "entity.minecraft.husk",
      "minecraft:magma_cube": "entity.minecraft.magma_cube",
      "minecraft:shulker": "entity.minecraft.shulker",
      "minecraft:silverfish": "entity.minecraft.silverfish",
      "minecraft:skeleton": "entity.minecraft.skeleton",
      "minecraft:slime": "entity.minecraft.slime",
      "minecraft:stray": "entity.minecraft.stray",
      "minecraft:vindicator": "entity.minecraft.vindicator",
      "minecraft:witch": "entity.minecraft.witch",
      "minecraft:wither_skeleton": "entity.minecraft.wither_skeleton",
      "minecraft:zombie": "entity.minecraft.zombie",
      "minecraft:zombie_villager": "entity.minecraft.zombie_villager",
      "minecraft:phantom": "entity.minecraft.phantom",
      "minecraft:drowned": "entity.minecraft.drowned",
      "minecraft:pillager": "entity.minecraft.pillager",
      "minecraft:ravager": "entity.minecraft.ravager"
    }
  },
  "minecraft:adventure/ol_betsy": {
    "type": "task",
    "icon": "minecraft:crossbow",
    "title": "advancements.adventure.ol_betsy.title",
    "description": "advancements.adventure.ol_betsy.description"
  },
  "minecraft:adventure/root": {
    "type": "task",
    "icon": "minecraft:map",
    "title": "advancements.adventure.root.title",
    "description": "advancements.adventure.root.description"
  },
  "minecraft:adventure/shoot_arrow": {
    "type": "task",
    "icon": "minecraft:bow",
    "title": "advancements.adventure.shoot_arrow.title",
    "description": "advancements.adventure.shoot_arrow.description"
  },
  "minecraft:adventure/sleep_in_bed": {
    "type": "task",
    "icon": "minecraft:red_bed",
    "title": "advancements.adventure.sleep_in_bed.title",
    "description": "advancements.adventure.sleep_in_bed.description"
  },
  "minecraft:adventure/sniper_duel": {
    "type": "challenge",
    "icon": "minecraft:arrow",
    "title": "advancements.adventure.sniper_duel.title",
    "description": "advancements.adventure.sniper_duel.description"
  },
  "minecraft:adventure/summon_iron_golem": {
    "type": "goal",
    "icon": "minecraft:carved_pumpkin",
    "title": "advancements.adventure.summon_iron_golem.title",
    "description": "advancements.adventure.summon_iron_golem.description"
  },
  "minecraft:adventure/throw_trident": {
    "type": "task",
    "icon": "minecraft:trident",
    "title": "advancements.adventure.throw_trident.title",
    "description": "advancements.adventure.throw_trident.description"
  },
  "minecraft:adventure/totem_of_undying": {
    "type": "goal",
    "icon": "minecraft:totem_of_undying",
    "title": "advancements.adventure.totem_of_undying.title",
    "description": "advancements.adventure.totem_of_undying.description"
  },
  "minecraft:adventure/trade": {
    "type": "task",
    "icon": "minecraft:emerald",
    "title": "advancements.adventure.trade.title",
    "description": "advancements.adventure.trade.description"
  },
  "minecraft:adventure/two_birds_one_arrow": {
    "type": "challenge",
    "icon": "minecraft:crossbow",
    "title": "advancements.adventure.two_birds_one_arrow.title",
    "description": "advancements.adventure.two_birds_one_arrow.description"
  },
  "minecraft:adventure/very_very_frightening": {
    "type": "task",
    "icon": "minecraft:trident",
    "title": "advancements.adventure.very_very_frightening.title",
    "description": "advancements.adventure.very_very_frightening.description"
  },
  "minecraft:adventure/voluntary_exile": {
    "type": "task",
    "icon": "minecraft:white_banner",
    "title": "advancements.adventure.voluntary_exile.title",
    "description": "advancements.adventure.voluntary_exile.description"
  },
  "minecraft:adventure/whos_the_pillager_now": {
    "type": "task",
    "icon": "minecraft:crossbow",
    "title": "advancements.adventure.whos_the_pillager_now.title",
    "description": "advancements.adventure.whos_the_pillager_now.description"
  },
  "minecraft:end/dragon_breath": {
    "type": "goal",
    "icon": "minecraft:dragon_breath",
    "title": "advancements.end.dragon_breath.title",
    "description": "advancements.end.dragon_breath.description"
  },
  "minecraft:end/dragon_egg": {
    "type": "goal",
    "icon": "minecraft:dragon_egg",
    "title": "advancements.end.dragon_egg.title",
    "description": "advancements.end.dragon_egg.description"
  },
  "minecraft:end/elytra": {
    "type": "goal",
    "icon": "minecraft:elytra",
    "title": "advancements.end.elytra.title",
    "description": "advancements.end.elytra.description"
  },
  "minecraft:end/enter_end_gateway": {
    "type": "task",
    "icon": "minecraft:ender_pearl",
    "title": "advancements.end.enter_end_gateway.title",
    "description": "advancements.end.enter_end_gateway.description"
  },
  "minecraft:end/find_end_city": {
    "type": "task",
    "icon": "minecraft:purpur_block",
    "title": "advancements.end.find_end_city.title",
    "description": "advancements.end.find_end_city.description"
  },
  "minecraft:end/kill_dragon": {
    "type": "task",
    "icon": "minecraft:dragon_head",
    "title": "advancements.end.kill_dragon.title",
    "description": "advancements.end.kill_dragon.description"
  },
  "minecraft:end/levitate": {
    "type": "challenge",
    "icon": "minecraft:shulker_shell",
    "title": "advancements.end.levitate.title",
    "description": "advancements.end.levitate.description"
  },
  "minecraft:end/respawn_dragon": {
    "type": "goal",
    "icon": "minecraft:end_crystal",
    "title": "advancements.end.respawn_dragon.title",
    "description": "advancements.end.respawn_dragon.description"
  },
  "minecraft:end/root": {
    "type": "task",
    "icon": "minecraft:end_stone",
    "title": "advancements.end.root.title",
    "description": "advancements.end.root.description"
  },
  "minecraft:husbandry/balanced_diet": {
    "type": "challenge",
    "icon": "minecraft:apple",
    "title": "advancements.husbandry.balanced_diet.title",
    "description": "advancements.husbandry.balanced_diet.description",
    "requirements": [
      "apple",
      "mushroom_stew",
      "bread",
      "porkchop",
      "cooked_porkchop",
      "golden_apple",
      "enchanted_golden_apple",
      "cod",
      "salmon",
      "tropical_fish",
      "pufferfish",
      "cooked_cod",
      "cooked_salmon",
      "cookie",
      "melon_slice",
      "beef",
      "cooked_beef",
      "chicken",
      "cooked_chicken",
      "rotten_flesh",
      "spider_eye",
      "carrot",
      "potato",
      "baked_potato",
      "poisonous_potato",
      "golden_carrot",
      "pumpkin_pie",
      "rabbit",
      "cooked_rabbit",
      "rabbit_stew",
      "mutton",
      "cooked_mutton",
      "chorus_fruit",
      "beetroot",
      "beetroot_soup",
      "dried_kelp",
      "suspicious_stew",
      "sweet_berries",
      "honey_bottle"
    ],
    "requirement_names": {
      "apple": "item.minecraft.apple",
      "mushroom_stew": "item.minecraft.mushroom_stew",
      "bread": "item.minecraft.bread",
      "porkchop": "item.minecraft.porkchop",
      "cooked_porkchop": "item.minecraft.cooked_porkchop",
      "golden_apple": "item.minecraft.golden_apple",
      "enchanted_golden_apple": "item.minecraft.enchanted_golden_apple",
      "cod": "item.minecraft.cod",
      "salmon": "item.minecraft.salmon",
      "tropical_fish": "item.minecraft.tropical_fish",
      "pufferfish": "item.minecraft.pufferfish",
      "cooked_cod": "item.minecraft.cooked_cod",
      "cooked_salmon": "item.minecraft.cooked_salmon",
      "cookie": "item.minecraft.cookie",
      "melon_slice": "item.minecraft.melon_slice",
      "beef": "item.minecraft.beef",
      "cooked_beef": "item.minecraft.cooked_beef",
      "chicken": "item.minecraft.chicken",
      "cooked_chicken": "item.minecraft.cooked_chicken",
      "rotten_flesh": "item.minecraft.rotten_flesh",
      "spider_eye": "item.minecraft.spider_eye",
      "carrot": "item.minecraft.carrot",
      "potato": "item.minecraft.potato",
      "baked_potato": "item.minecraft.baked_potato",
      "poisonous_potato": "item.minecraft.poisonous_potato",
      "golden_carrot": "item.minecraft.golden_carrot",
      "pumpkin_pie": "item.minecraft.pumpkin_pie",
      "rabbit": "item.minecraft.rabbit",
      "cooked_rabbit": "item.minecraft.cooked_rabbit",
      "rabbit_stew": "item.minecraft.rabbit_stew",
      "mutton": "item.minecraft.mutton",
      "cooked_mutton": "item.minecraft.cooked_mutton",
      "chorus_fruit": "item.minecraft.chorus_fruit",
      "beetroot": "item.minecraft.beetroot",
      "beetroot_soup": "item.minecraft.beetroot_soup",
      "dried_kelp": "item.minecraft.dried_kelp",
      "suspicious_stew": "item.minecraft.suspicious_stew",
      "sweet_berries": "item.minecraft.sweet_berries",
      "honey_bottle": "item.minecraft.honey_bottle"
    }
  },
  "minecraft:husbandry/break_diamond_hoe": {
    "type": "challenge",
    "icon": "minecraft:diamond_hoe",
    "title": "advancements.husbandry.break_diamond_hoe.title",
    "description": "advancements.husbandry.break_diamond_hoe.description"
  },
  "minecraft:husbandry/bred_all_animals": {
    "type": "challenge",
    "icon": "minecraft:golden_carrot",
    "title": "advancements.husbandry.bred_all_animals.title",
    "description": "advancements.husbandry.bred_all_animals.description",
    "requirements": [
      "minecraft:horse",
      "minecraft:sheep",
      "minecraft:cow",
      "minecraft:mooshroom",
      "minecraft:pig",
      "minecraft:chicken",
      "minecraft:wolf",
      "minecraft:ocelot",
      "minecraft:rabbit",
      "minecraft:llama",
      "minecraft:turtle",
      "minecraft:cat",
      "minecraft:panda",
      "minecraft:fox",
      "minecraft:bee"
    ],
    "requirement_names": {
      "minecraft:horse": "entity.minecraft.horse",
      "minecraft:sheep": "entity.minecraft.sheep",
      "minecraft:cow": "entity.minecraft.cow",
      "minecraft:mooshroom": "entity.minecraft.mooshroom",
      "minecraft:pig": "entity.minecraft.pig",
      "minecraft:chicken": "entity.minecraft.chicken",
      "minecraft:wolf": "entity.minecraft.wolf",
      "minecraft:ocelot": "entity.minecraft.ocelot",
      "minecraft:rabbit": "entity.minecraft.rabbit",
      "minecraft:llama": "entity.minecraft.llama",
      "minecraft:turtle": "entity.minecraft.turtle",
      "minecraft:cat": "entity.minecraft.cat",
      "minecraft:panda": "entity.minecraft.panda",
      "minecraft:fox": "entity.minecraft.fox",
      "minecraft:bee": "entity.minecraft.bee"
    }
  },
  "minecraft:husbandry/breed_an_animal": {
    "type": "task",
    "icon": "minecraft:wheat",
    "title": "advancements.husbandry.breed_an_animal.title",
    "description": "advancements.husbandry.breed_an_animal.description"
  },
  "minecraft:husbandry/complete_catalogue": {
    "type": "challenge",
    "icon": "minecraft:cod",
    "title": "advancements.husbandry.complete_catalogue.title",
    "description": "advancements.husbandry.complete_catalogue.description",
    "requirements": [
      "textures/entity/cat/tabby.png",
      "textures/entity/cat/black.png",
      "textures/entity/cat/red.png",
      "textures/entity/cat/siamese.png",
      "textures/entity/cat/british_shorthair.png",
      "textures/entity/cat/calico.png",
      "textures/entity/cat/persian.png",
      "textures/entity/cat/ragdoll.png",
      "textures/entity/cat/white.png",
      "textures/entity/cat/jellie.png",
      "textures/entity/cat/all_black.png"
    ],
    "requirement_names": {
      "textures/entity/cat/tabby.png": "cat.tabby",
      "textures/entity/cat/black.png": "cat.black",
      "textures/entity/cat/red.png": "cat.red",
      "textures/entity/cat/siamese.png": "cat.siamese",
      "textures/entity/cat/british_shorthair.png": "cat.british_shorthair",
      "textures/entity/cat/calico.png": "cat.calico",
      "textures/entity/cat/persian.png": "cat.persian",
      "textures/entity/cat/ragdoll.png": "cat.ragdoll",
      "textures/entity/cat/white.png": "cat.white",
      "textures/entity/cat/jellie.png": "cat.jellie",
      "textures/entity/cat/all_black.png": "cat.all_black"
    }
  },
  "minecraft:husbandry/fishy_business": {
    "type": "task",
    "icon": "minecraft:fishing_rod",
    "title": "advancements.husbandry.fishy_business.title",
    "description": "advancements.husbandry.fishy_business.description"
  },
  "minecraft:husbandry/plant_seed": {
    "type": "task",
    "icon": "minecraft:wheat",
    "title": "advancements.husbandry.plant_seed.title",
    "description": "advancements.husbandry.plant_seed.description"
  },
  "minecraft:husbandry/root": {
    "type": "task",
    "icon": "minecraft:hay_block",
    "title": "advancements.husbandry.root.title",
    "description": "advancements.husbandry.root.description"
  },
  "minecraft:husbandry/safely_harvest_honey": {
    "type": "task",
    "icon": "minecraft:honey_bottle",
    "title": "advancements.husbandry.safely_harvest_honey.title",
    "description": "advancements.husbandry.safely_harvest_honey.description"
  },
  "minecraft:husbandry/silk_touch_nest": {
    "type": "task",
    "icon": "minecraft:bee_nest",
    "title": "advancements.husbandry.silk_touch_nest.title",
    "description": "advancements.husbandry.silk_touch_nest.description"
  },
  "minecraft:husbandry/tactical_fishing": {
    "type": "task",
    "icon": "minecraft:pufferfish_bucket",
    "title": "advancements.husbandry.tactical_fishing.title",
    "description": "advancements.husbandry.tactical_fishing.description"
  },
  "minecraft:husbandry/tame_an_animal": {
    "type": "task",
    "icon": "minecraft:lead",
    "title": "advancements.husbandry.tame_an_animal.title",
    "description": "advancements.husbandry.tame_an_animal.description"
  },
  "minecraft:nether/all_effects": {
    "type": "challenge",
    "icon": "minecraft:bucket",
    "title": "advancements.nether.all_effects.title",
    "description": "advancements.nether.all_effects.description"
  },
  "minecraft:nether/all_potions": {
    "type": "challenge",
    "icon": "minecraft:milk_bucket",
    "title": "advancements.nether.all_potions.title",
    "description": "advancements.nether.all_potions.description"
  },
  "minecraft:nether/brew_potion": {
    "type": "task",
    "icon": "minecraft:potion",
    "title": "advancements.nether.brew_potion.title",
    "description": "advancements.nether.brew_potion.description"
  },
  "minecraft:nether/create_beacon": {
    "type": "task",
    "icon": "minecraft:beacon",
    "title": "advancements.nether.create_beacon.title",
    "description": "advancements.nether.create_beacon.description"
  },
  "minecraft:nether/create_full_beacon": {
    "type": "goal",
    "icon": "minecraft:beacon",
    "title": "advancements.nether.create_full_beacon.title",
    "description": "advancements.nether.create_full_beacon.description"
  },
  "minecraft:nether/fast_travel": {
    "type": "challenge",
    "icon": "minecraft:map",
    "title": "advancements.nether.fast_travel.title",
    "description": "advancements.nether.fast_travel.description"
  },
  "minecraft:nether/find_fortress": {
    "type": "task",
    "icon": "minecraft:nether_bricks",
    "title": "advancements.nether.find_fortress.title",
    "description": "advancements.nether.find_fortress.description"
  },
  "minecraft:nether/get_wither_skull": {
    "type": "task",
    "icon": "minecraft:wither_skeleton_skull",
    "title": "advancements.nether.get_wither_skull.title",
    "description": "advancements.nether.get_wither_skull.description"
  },
  "minecraft:nether/obtain_blaze_rod": {
    "type": "task",
    "icon": "minecraft:blaze_rod",
    "title": "advancements.nether.obtain_blaze_rod.title",
    "description": "advancements.nether.obtain_blaze_rod.description"
  },
  "minecraft:nether/return_to_sender": {
    "type": "challenge",
    "icon": "minecraft:fire_charge",
    "title": "advancements.nether.return_to_sender.title",
    "description": "advancements.nether.return_to_sender.description"
  },
  "minecraft:nether/root": {
    "type": "task",
    "icon": "minecraft:red_nether_bricks",
    "title": "advancements.nether.root.title",
    "description": "advancements.nether.root.description"
  },
  "minecraft:nether/summon_wither": {
    "type": "task",
    "icon": "minecraft:nether_star",
    "title": "advancements.nether.summon_wither.title",
    "description": "advancements.nether.summon_wither.description"
  },
  "minecraft:nether/uneasy_alliance": {
    "type": "challenge",
    "icon": "minecraft:ghast_tear",
    "title": "advancements.nether.uneasy_alliance.title",
    "description": "advancements.nether.uneasy_alliance.description"
  },
  "minecraft:story/cure_zombie_villager": {
    "type": "goal",
    "icon": "minecraft:golden_apple",
    "title": "advancements.story.cure_zombie_villager.title",
    "description": "advancements.story.cure_zombie_villager.description"
  },
  "minecraft:story/deflect_arrow": {
    "type": "task",
    "icon": "minecraft:shield",
    "title": "advancements.story.deflect_arrow.title",
    "description": "advancements.story.deflect_arrow.description"
  },
  "minecraft:story/enchant_item": {
    "type": "task",
    "icon": "minecraft:enchanted_book",
    "title": "advancements.story.enchant_item.title",
    "description": "advancements.story.enchant_item.description"
  },
  "minecraft:story/enter_the_end": {
    "type": "task",
    "icon": "minecraft:end_stone",
    "title": "advancements.story.enter_the_end.title",
    "description": "advancements.story.enter_the_end.description"
  },
  "minecraft:story/enter_the_nether": {
    "type": "task",
    "icon": "minecraft:flint_and_steel",
    "title": "advancements.story.enter_the_nether.title",
    "description": "advancements.story.enter_the_nether.description"
  },
  "minecraft:story/follow_ender_eye": {
    "type": "task",
    "icon": "minecraft:ender_eye",
    "title": "advancements.story.follow_ender_eye.title",
    "description": "advancements.story.follow_ender_eye.description"
  },
  "minecraft:story/form_obsidian": {
    "type": "task",
    "icon": "minecraft:obsidian",
    "title": "advancements.story.form_obsidian.title",
    "description": "advancements.story.form_obsidian.description"
  },
  "minecraft:story/iron_tools": {
    "type": "task",
    "icon": "minecraft:iron_pickaxe",
    "title": "advancements.story.iron_tools.title",
    "description": "advancements.story.iron_tools.description"
  },
  "minecraft:story/lava_bucket": {
    "type": "task",
    "icon": "minecraft:lava_bucket",
    "title": "advancements.story.lava_bucket.title",
    "description": "advancements.story.lava_bucket.description"
  },
  "minecraft:story/mine_diamond": {
    "type": "task",
    "icon": "minecraft:diamond",
    "title": "advancements.story.mine_diamond.title",
    "description": "advancements.story.mine_diamond.description"
  },
  "minecraft:story/mine_stone": {
    "type": "task",
    "icon": "minecraft:wooden_pickaxe",
    "title": "advancements.story.mine_stone.title",
    "description": "advancements.story.mine_stone.description"
  },
  "minecraft:story/obtain_armor": {
    "type": "task",
    "icon": "minecraft:iron_chestplate",
    "title": "advancements.story.obtain_armor.title",
    "description": "advancements.story.obtain_armor.description"
  },
  "minecraft:story/root": {
    "type": "task",
    "icon": "minecraft:grass_block",
    "title": "advancements.story.root.title",
    "description": "advancements.story.root.description"
  },
  "minecraft:story/shiny_gear": {
    "type": "task",
    "icon": "minecraft:diamond_chestplate",
    "title": "advancements.story.shiny_gear.title",
    "description": "advancements.story.shiny_gear.description"
  },
  "minecraft:story/smelt_iron": {
    "type": "task",
    "icon": "minecraft:iron_ingot",
    "title": "advancements.story.smelt_iron.title",
    "description": "advancements.story.smelt_iron.description"
  },
  "minecraft:story/upgrade_tools": {
    "type": "task",
    "icon": "minecraft:stone_pickaxe",
    "title": "advancements.story.upgrade_tools.title",
    "description": "advancements.story.upgrade_tools.description"
  }
}
