{
  "achievement": {
    "openInventory": "Taking Inventory",
    "mineWood": "Getting Wood",
    "buildWorkBench": "Benchmarking",
    "buildPickaxe": "Time to Mine!",
    "buildFurnace": "Hot Topic",
    "acquireIron": "Acquire Hardware",
    "buildHoe": "Time to Farm!",
    "makeBread": "Bake Bread",
    "bakeCake": "The Lie",
    "buildBetterPickaxe": "Getting an Upgrade",
    "cookFish": "Delicious Fish",
    "onARail": "On A Rail",
    "buildSword": "Time to Strike!",
    "killEnemy": "Monster Hunter",
    "killCow": "Cow Tipper",
    "flyPig": "When Pigs Fly",
    "snipeSkeleton": "Sniper Duel",
    "diamonds": "DIAMONDS!",
    "portal": "We Need to Go Deeper",
    "ghast": "Return to Sender",
    "blazeRod": "Into Fire",
    "potion": "Local Brewery",
    "theEnd": "The End?",
    "theEnd2": "The End.",
    "enchantments": "Enchanter",
    "overkill": "Overkill",
    "bookcase": "Librarian",
    "exploreAllBiomes": "Adventuring Time",
    "spawnWither": "The Beginning?",
    "killWither": "The Beginning.",
    "fullBeacon": "Beaconator",
    "breedCow": "Repopulation",
    "diamondsToYou": "Diamonds to you!",
    "overpowered": "Overpowered"
  },
  "en_us": {
    "advancements.adventure.adventuring_time.title": "Adventuring Time",
    "advancements.adventure.adventuring_time.description": "Discover every biome",
    "advancements.adventure.arbalistic.title": "Arbalistic",
    "advancements.adventure.arbalistic.description": "Kill five unique mobs with one crossbow shot",
    "advancements.adventure.hero_of_the_village.title": "Hero of the Village",
    "advancements.adventure.hero_of_the_village.description": "Successfully defend a village from a raid",
    "advancements.adventure.kill_all_mobs.title": "Monsters Hunted",
    "advancements.adventure.kill_all_mobs.description": "Kill one of every hostile monster",
    "advancements.adventure.kill_a_mob.title": "Monster Hunter",
    "advancements.adventure.kill_a_mob.description": "Kill any hostile monster",
    "advancements.adventure.ol_betsy.title": "Ol' Betsy",
    "advancements.adventure.ol_betsy.description": "Shoot a crossbow",
    "advancements.adventure.root.title": "Adventure",
    "advancements.adventure.root.description": "Adventure, exploration and combat",
    "advancements.adventure.shoot_arrow.title": "Take Aim",
    "advancements.adventure.shoot_arrow.description": "Shoot something with a bow and arrow",
    "advancements.adventure.sleep_in_bed.title": "Sweet Dreams",
    "advancements.adventure.sleep_in_bed.description": "Change your respawn point",
    "advancements.adventure.sniper_duel.title": "Sniper Duel",
    "advancements.adventure.sniper_duel.description": "Kill a Skeleton from at least 50 meters away",
    "advancements.adventure.summon_iron_golem.title": "Hired Help",
    "advancements.adventure.summon_iron_golem.description": "Summon an Iron Golem to help defend a village",
    "advancements.adventure.totem_of_undying.title": "Postmortal",
    "advancements.adventure.totem_of_undying.description": "Use a Totem of Undying to cheat death",
    "advancements.adventure.trade.title": "What a Deal!",
    "advancements.adventure.trade.description": "Successfully trade with a Villager",
    "advancements.adventure.throw_trident.title": "A Throwaway Joke",
    "advancements.adventure.throw_trident.description": "Throw a trident at something.\nNote: Throwing away your only weapon is not a good idea.",
    "advancements.adventure.two_birds_one_arrow.title": "Two Birds, One Arrow",
    "advancements.adventure.two_birds_one_arrow.description": "Kill two Phantoms with a piercing arrow",
    "advancements.adventure.very_very_frightening.title": "Very Very Frightening",
    "advancements.adventure.very_very_frightening.description": "Strike a Villager with lightning",
    "advancements.adventure.voluntary_exile.title": "Voluntary Exile",
    "advancements.adventure.voluntary_exile.description": "Kill a raid captain.\nMaybe consider staying away from villages for the time being...",
    "advancements.adventure.whos_the_pillager_now.title": "Who's the Pillager Now?",
    "advancements.adventure.whos_the_pillager_now.description": "Give a Pillager a taste of their own medicine",
    "advancements.husbandry.root.title": "Husbandry",
    "advancements.husbandry.root.description": "The world is full of friends and food",
    "advancements.husbandry.breed_an_animal.title": "The Parrots and the Bats",
    "advancements.husbandry.breed_an_animal.description": "Breed two animals together",
    "advancements.husbandry.fishy_business.title": "Fishy Business",
    "advancements.husbandry.fishy_business.description": "Catch a fish",
    "advancements.husbandry.tactical_fishing.title": "Tactical Fishing",
    "advancements.husbandry.tactical_fishing.description": "Catch a fish... without a fishing rod!",
    "advancements.husbandry.bred_all_animals.title": "Two by Two",
    "advancements.husbandry.bred_all_animals.description": "Breed all the animals!",
    "advancements.husbandry.tame_an_animal.title": "Best Friends Forever",
    "advancements.husbandry.tame_an_animal.description": "Tame an animal",
    "advancements.husbandry.plant_seed.title": "A Seedy Place",
    "advancements.husbandry.plant_seed.description": "Plant a seed and watch it grow",
    "advancements.husbandry.break_diamond_hoe.title": "Serious Dedication",
    "advancements.husbandry.break_diamond_hoe.description": "Completely use up a diamond hoe, and then reevaluate your life choices",
    "advancements.husbandry.balanced_diet.title": "A Balanced Diet",
    "advancements.husbandry.balanced_diet.description": "Eat everything that is edible, even if it's not good for you",
    "advancements.husbandry.complete_catalogue.title": "A Complete Catalogue",
    "advancements.husbandry.complete_catalogue.description": "Tame all cat variants!",
    "advancements.end.dragon_breath.title": "You Need a Mint",
    "advancements.end.dragon_breath.description": "Collect dragon's breath in a glass bottle",
    "advancements.end.dragon_egg.title": "The Next Generation",
    "advancements.end.dragon_egg.description": "Hold the Dragon Egg",
    "advancements.end.elytra.title": "Sky's the Limit",
    "advancements.end.elytra.description": "Find Elytra",
    "advancements.end.enter_end_gateway.title": "Remote Getaway",
    "advancements.end.enter_end_gateway.description": "Escape the island",
    "advancements.end.find_end_city.title": "The City at the End of the Game",
    "advancements.end.find_end_city.description": "Go on in, what could happen?",
    "advancements.end.kill_dragon.title": "Free the End",
    "advancements.end.kill_dragon.description": "Good luck",
    "advancements.end.levitate.title": "Great View From Up Here",
    "advancements.end.levitate.description": "Levitate up 50 blocks from the attacks of a Shulker",
    "advancements.end.respawn_dragon.title": "The End... Again...",
    "advancements.end.respawn_dragon.description": "Respawn the Ender Dragon",
    "advancements.end.root.title": "The End",
    "advancements.end.root.description": "Or the beginning?",
    "advancements.nether.brew_potion.title": "Local Brewery",
    "advancements.nether.brew_potion.description": "Brew a potion",
    "advancements.nether.all_potions.title": "A Furious Cocktail",
    "advancements.nether.all_potions.description": "Have every potion effect applied at the same time",
    "advancements.nether.all_effects.title": "How Did We Get Here?",
    "advancements.nether.all_effects.description": "Have every effect applied at the same time",
    "advancements.nether.create_beacon.title": "Bring Home the Beacon",
    "advancements.nether.create_beacon.description": "Construct and place a Beacon",
    "advancements.nether.create_full_beacon.title": "Beaconator",
    "advancements.nether.create_full_beacon.description": "Bring a beacon to full power",
    "advancements.nether.find_fortress.title": "A Terrible Fortress",
    "advancements.nether.find_fortress.description": "Break your way into a Nether Fortress",
    "advancements.nether.get_wither_skull.title": "Spooky Scary Skeleton",
    "advancements.nether.get_wither_skull.description": "Obtain a Wither Skeleton's skull",
    "advancements.nether.obtain_blaze_rod.title": "Into Fire",
    "advancements.nether.obtain_blaze_rod.description": "Relieve a Blaze of its rod",
    "advancements.nether.return_to_sender.title": "Return to Sender",
    "advancements.nether.return_to_sender.description": "Destroy a Ghast with a fireball",
    "advancements.nether.root.title": "Nether",
    "advancements.nether.root.description": "Bring summer clothes",
    "advancements.nether.summon_wither.title": "Withering Heights",
    "advancements.nether.summon_wither.description": "Summon the Wither",
    "advancements.nether.fast_travel.title": "Subspace Bubble",
    "advancements.nether.fast_travel.description": "Use the Nether to travel 7 km in the Overworld",
    "advancements.nether.uneasy_alliance.title": "Uneasy Alliance",
    "advancements.nether.uneasy_alliance.description": "Rescue a Ghast from the Nether, bring it safely home to the Overworld... and then kill it",
    "advancements.story.cure_zombie_villager.title": "Zombie Doctor",
    "advancements.story.cure_zombie_villager.description": "Weaken and then cure a Zombie Villager",
    "advancements.story.deflect_arrow.title": "Not Today, Thank You",
    "advancements.story.deflect_arrow.description": "Deflect an arrow with a shield",
    "advancements.story.enchant_item.title": "Enchanter",
    "advancements.story.enchant_item.description": "Enchant an item at an Enchanting Table",
    "advancements.story.enter_the_end.title": "The End?",
    "advancements.story.enter_the_end.description": "Enter the End Portal",
    "advancements.story.enter_the_nether.title": "We Need to Go Deeper",
    "advancements.story.enter_the_nether.description": "Build, light and enter a Nether Portal",
    "advancements.story.follow_ender_eye.title": "Eye Spy",
    "advancements.story.follow_ender_eye.description": "Follow an Eye of Ender",
    "advancements.story.form_obsidian.title": "Ice Bucket Challenge",
    "advancements.story.form_obsidian.description": "Form and mine a block of Obsidian",
    "advancements.story.iron_tools.title": "Isn't It Iron Pick",
    "advancements.story.iron_tools.description": "Upgrade your pickaxe",
    "advancements.story.lava_bucket.title": "Hot Stuff",
    "advancements.story.lava_bucket.description": "Fill a bucket with lava",
    "advancements.story.mine_diamond.title": "Diamonds!",
    "advancements.story.mine_diamond.description": "Acquire diamonds",
    "advancements.story.mine_stone.title": "Stone Age",
    "advancements.story.mine_stone.description": "Mine stone with your new pickaxe",
    "advancements.story.obtain_armor.title": "Suit Up",
    "advancements.story.obtain_armor.description": "Protect yourself with a piece of iron armor",
    "advancements.story.root.title": "Minecraft",
    "advancements.story.root.description": "The heart and story of the game",
    "advancements.story.shiny_gear.title": "Cover Me With Diamonds",
    "advancements.story.shiny_gear.description": "Diamond armor saves lives",
    "advancements.story.smelt_iron.title": "Acquire Hardware",
    "advancements.story.smelt_iron.description": "Smelt an iron ingot",
    "advancements.story.upgrade_tools.title": "Getting an Upgrade",
    "advancements.story.upgrade_tools.description": "Construct a better pickaxe",
    "cat.tabby": "Tabby",
    "cat.black": "Tuxedo",
    "cat.red": "Red",
    "cat.siamese": "Siamese",
    "cat.british_shorthair": "British Shorthair",
    "cat.calico": "Calico",
    "cat.persian": "Persian",
    "cat.ragdoll": "Ragdoll",
    "cat.white": "White",
    "cat.jellie": "Jellie",
    "cat.all_black": "Black",
    "item.minecraft.apple": "Apple",
    "item.minecraft.cookie": "Cookie",
    "item.minecraft.dried_kelp": "Dried Kelp",
    "item.minecraft.mushroom_stew": "Mushroom Stew",
    "item.minecraft.melon_slice": "Melon Slice",
    "item.minecraft.bread": "Bread",
    "item.minecraft.porkchop": "Raw Porkchop",
    "item.minecraft.cooked_porkchop": "Cooked Porkchop",
    "item.minecraft.chicken": "Raw Chicken",
    "item.minecraft.cooked_chicken": "Cooked Chicken",
    "item.minecraft.mutton": "Raw Mutton",
    "item.minecraft.cooked_mutton": "Cooked Mutton",
    "item.minecraft.rabbit": "Raw Rabbit",
    "item.minecraft.cooked_rabbit": "Cooked Rabbit",
    "item.minecraft.rabbit_stew": "Rabbit Stew",
    "item.minecraft.beef": "Raw Beef",
    "item.minecraft.cooked_beef": "Steak",
    "item.minecraft.golden_apple": "Golden Apple",
    "item.minecraft.enchanted_golden_apple": "Enchanted Golden Apple",
    "item.minecraft.cod": "Raw Cod",
    "item.minecraft.salmon": "Raw Salmon",
    "item.minecraft.pufferfish": "Pufferfish",
    "item.minecraft.tropical_fish": "Tropical Fish",
    "item.minecraft.cooked_cod": "Cooked Cod",
    "item.minecraft.cooked_salmon": "Cooked Salmon",
    "item.minecraft.rotten_flesh": "Rotten Flesh",
    "item.minecraft.spider_eye": "Spider Eye",
    "item.minecraft.carrot": "Carrot",
    "item.minecraft.golden_carrot": "Golden Carrot",
    "item.minecraft.potato": "Potato",
    "item.minecraft.baked_potato": "Baked Potato",
    "item.minecraft.poisonous_potato": "Poisonous Potato",
    "item.minecraft.pumpkin_pie": "Pumpkin Pie",
    "item.minecraft.chorus_fruit": "Chorus Fruit",
    "item.minecraft.beetroot": "Beetroot",
    "item.minecraft.beetroot_soup": "Beetroot Soup",
    "item.minecraft.suspicious_stew": "Suspicious Stew",
    "item.minecraft.sweet_berries": "Sweet Berries",
    "entity.minecraft.blaze": "Blaze",
    "entity.minecraft.cat": "Cat",
    "entity.minecraft.cave_spider": "Cave Spider",
    "entity.minecraft.chicken": "Chicken",
    "entity.minecraft.cow": "Cow",
    "entity.minecraft.creeper": "Creeper",
    "entity.minecraft.drowned": "Drowned",
    "entity.minecraft.enderman": "Enderman",
    "entity.minecraft.evoker": "Evoker",
    "entity.minecraft.fox": "Fox",
    "entity.minecraft.ghast": "Ghast",
    "entity.minecraft.guardian": "Guardian",
    "entity.minecraft.horse": "Horse",
    "entity.minecraft.husk": "Husk",
    "entity.minecraft.ravager": "Ravager",
    "entity.minecraft.llama": "Llama",
    "entity.minecraft.magma_cube": "Magma Cube",
    "entity.minecraft.mooshroom": "Mooshroom",
    "entity.minecraft.ocelot": "Ocelot",
    "entity.minecraft.panda": "Panda",
    "entity.minecraft.phantom": "Phantom",
    "entity.minecraft.pig": "Pig",
    "entity.minecraft.pillager": "Pillager",
    "entity.minecraft.rabbit": "Rabbit",
    "entity.minecraft.sheep": "Sheep",
    "entity.minecraft.shulker": "Shulker",
    "entity.minecraft.silverfish": "Silverfish",
    "entity.minecraft.skeleton": "Skeleton",
    "entity.minecraft.slime": "Slime",
    "entity.minecraft.spider": "Spider",
    "entity.minecraft.stray": "Stray",
    "entity.minecraft.turtle": "Turtle",
    "entity.minecraft.vindicator": "Vindicator",
    "entity.minecraft.witch": "Witch",
    "entity.minecraft.wither_skeleton": "Wither Skeleton",
    "entity.minecraft.wolf": "Wolf",
    "entity.minecraft.zombie": "Zombie",
    "entity.minecraft.zombie_pigman": "Zombie Pigman",
    "entity.minecraft.zombie_villager": "Zombie Villager",
    "biome.minecraft.beach": "Beach",
    "biome.minecraft.birch_forest": "Birch Forest",
    "biome.minecraft.birch_forest_hills": "Birch Forest Hills",
    "biome.minecraft.snowy_beach": "Snowy Beach",
    "biome.minecraft.cold_ocean": "Cold Ocean",
    "biome.minecraft.deep_cold_ocean": "Deep Cold Ocean",
    "biome.minecraft.deep_frozen_ocean": "Deep Frozen Ocean",
    "biome.minecraft.deep_lukewarm_ocean": "Deep Lukewarm Ocean",
    "biome.minecraft.desert": "Desert",
    "biome.minecraft.desert_hills": "Desert Hills",
    "biome.minecraft.mountains": "Mountains",
    "biome.minecraft.wooded_mountains": "Wooded Mountains",
    "biome.minecraft.forest": "Forest",
    "biome.minecraft.wooded_hills": "Wooded Hills",
    "biome.minecraft.frozen_river": "Frozen River",
    "biome.minecraft.snowy_tundra": "Snowy Tundra",
    "biome.minecraft.snowy_mountains": "Snowy Mountains",
    "biome.minecraft.jungle_edge": "Jungle Edge",
    "biome.minecraft.jungle_hills": "Jungle Hills",
    "biome.minecraft.jungle": "Jungle",
    "biome.minecraft.lukewarm_ocean": "Lukewarm Ocean",
    "biome.minecraft.badlands_plateau": "Badlands Plateau",
    "biome.minecraft.badlands": "Badlands",
    "biome.minecraft.wooded_badlands_plateau": "Wooded Badlands Plateau",
    "biome.minecraft.mushroom_fields": "Mushroom Fields",
    "biome.minecraft.mushroom_field_shore": "Mushroom Field Shore",
    "biome.minecraft.plains": "Plains",
    "biome.minecraft.giant_tree_taiga_hills": "Giant Tree Taiga Hills",
    "biome.minecraft.giant_tree_taiga": "Giant Tree Taiga",
    "biome.minecraft.river": "River",
    "biome.minecraft.dark_forest": "Dark Forest",
    "biome.minecraft.savanna_plateau": "Savanna Plateau",
    "biome.minecraft.savanna": "Savanna",
    "biome.minecraft.stone_shore": "Stone Shore",
    "biome.minecraft.swamp": "Swamp",
    "biome.minecraft.snowy_taiga": "Snowy Taiga",
    "biome.minecraft.snowy_taiga_hills": "Snowy Taiga Hills",
    "biome.minecraft.taiga_hills": "Taiga Hills",
    "biome.minecraft.taiga": "Taiga",
    "biome.minecraft.warm_ocean": "Warm Ocean",
    "biome.minecraft.bamboo_jungle": "Bamboo Jungle",
    "biome.minecraft.bamboo_jungle_hills": "Bamboo Jungle Hills",
    "item.minecraft.honey_bottle": "Honey Bottle",
    "entity.minecraft.bee": "Bee",
    "advancements.adventure.honey_block_slide.title": "Sticky Situation",
    "advancements.adventure.honey_block_slide.description": "Jump into a Honey Block to break your fall",
    "advancements.husbandry.safely_harvest_honey.title": "Bee Our Guest",
    "advancements.husbandry.safely_harvest_honey.description": "Use a Campfire to collect Honey from a Beehive using a Bottle without aggravating the bees",
    "advancements.husbandry.silk_touch_nest.title": "Total Beelocation",
    "advancements.husbandry.silk_touch_nest.description": "Move a Bee Nest, with 3 bees inside, using Silk Touch",
    "stat.minecraft.animals_bred": "Animals Bred",
    "stat.minecraft.aviate_one_cm": "Distance by Elytra",
    "stat.minecraft.clean_armor": "Armor Pieces Cleaned",
    "stat.minecraft.clean_banner": "Banners Cleaned",
    "stat.minecraft.clean_shulker_box": "Shulker Boxes Cleaned",
    "stat.minecraft.climb_one_cm": "Distance Climbed",
    "stat.minecraft.bell_ring": "Bells Rung",
    "stat.minecraft.boat_one_cm": "Distance by Boat",
    "stat.minecraft.crouch_one_cm": "Distance Crouched",
    "stat.minecraft.damage_dealt": "Damage Dealt",
    "stat.minecraft.damage_dealt_absorbed": "Damage Dealt (Absorbed)",
    "stat.minecraft.damage_dealt_resisted": "Damage Dealt (Resisted)",
    "stat.minecraft.damage_taken": "Damage Taken",
    "stat.minecraft.damage_blocked_by_shield": "Damage Blocked by Shield",
    "stat.minecraft.damage_absorbed": "Damage Absorbed",
    "stat.minecraft.damage_resisted": "Damage Resisted",
    "stat.minecraft.deaths": "Number of Deaths",
    "stat.minecraft.walk_under_water_one_cm": "Distance Walked under Water",
    "stat.minecraft.drop": "Items Dropped",
    "stat.minecraft.eat_cake_slice": "Cake Slices Eaten",
    "stat.minecraft.enchant_item": "Items Enchanted",
    "stat.minecraft.fall_one_cm": "Distance Fallen",
    "stat.minecraft.fill_cauldron": "Cauldrons Filled",
    "stat.minecraft.fish_caught": "Fish Caught",
    "stat.minecraft.fly_one_cm": "Distance Flown",
    "stat.minecraft.horse_one_cm": "Distance by Horse",
    "stat.minecraft.inspect_dispenser": "Dispensers Searched",
    "stat.minecraft.inspect_dropper": "Droppers Searched",
    "stat.minecraft.inspect_hopper": "Hoppers Searched",
    "stat.minecraft.interact_with_anvil": "Interactions with Anvil",
    "stat.minecraft.interact_with_beacon": "Interactions with Beacon",
    "stat.minecraft.interact_with_brewingstand": "Interactions with Brewing Stand",
    "stat.minecraft.interact_with_campfire": "Interactions with Campfire",
    "stat.minecraft.interact_with_cartography_table": "Interactions with Cartography Table",
    "stat.minecraft.interact_with_crafting_table": "Interactions with Crafting Table",
    "stat.minecraft.interact_with_furnace": "Interactions with Furnace",
    "stat.minecraft.interact_with_grindstone": "Interactions with Grindstone",
    "stat.minecraft.interact_with_lectern": "Interactions with Lectern",
    "stat.minecraft.interact_with_loom": "Interactions with Loom",
    "stat.minecraft.interact_with_blast_furnace": "Interactions with Blast Furnace",
    "stat.minecraft.interact_with_smoker": "Interactions with Smoker",
    "stat.minecraft.interact_with_stonecutter": "Interactions with Stonecutter",
    "stat.minecraft.jump": "Jumps",
    "stat.minecraft.junk_fished": "Junk Fished",
    "stat.minecraft.leave_game": "Games Quit",
    "stat.minecraft.minecart_one_cm": "Distance by Minecart",
    "stat.minecraft.mob_kills": "Mob Kills",
    "stat.minecraft.open_barrel": "Barrels Opened",
    "stat.minecraft.open_chest": "Chests Opened",
    "stat.minecraft.open_enderchest": "Ender Chests Opened",
    "stat.minecraft.open_shulker_box": "Shulker Boxes Opened",
    "stat.minecraft.pig_one_cm": "Distance by Pig",
    "stat.minecraft.player_kills": "Player Kills",
    "stat.minecraft.play_noteblock": "Note Blocks Played",
    "stat.minecraft.play_one_minute": "Time Played",
    "stat.minecraft.play_record": "Music Discs Played",
    "stat.minecraft.pot_flower": "Plants Potted",
    "stat.minecraft.raid_trigger": "Raids Triggered",
    "stat.minecraft.raid_win": "Raids Won",
    "stat.minecraft.ring_bell": "Bells Rung",
    "stat.minecraft.sleep_in_bed": "Times Slept in a Bed",
    "stat.minecraft.sneak_time": "Sneak Time",
    "stat.minecraft.sprint_one_cm": "Distance Sprinted",
    "stat.minecraft.walk_on_water_one_cm": "Distance Walked on Water",
    "stat.minecraft.swim_one_cm": "Distance Swum",
    "stat.minecraft.talked_to_villager": "Talked to Villagers",
    "stat.minecraft.time_since_rest": "Since Last Rest",
    "stat.minecraft.time_since_death": "Since Last Death",
    "stat.minecraft.traded_with_villager": "Traded with Villagers",
    "stat.minecraft.treasure_fished": "Treasure Fished",
    "stat.minecraft.trigger_trapped_chest": "Trapped Chests Triggered",
    "stat.minecraft.tune_noteblock": "Note Blocks Tuned",
    "stat.minecraft.use_cauldron": "Water Taken from Cauldron",
    "stat.minecraft.walk_one_cm": "Distance Walked",
    "nyaa.player_list.search_result_total_label.plural": "Found %s players",
    "nyaa.home.starring_number.recently_active": "Recently Active",
    "nyaa.general.data_update_time": "Data update time",
    "nyaa.general.search_placeholder": "Search player by name / UUID",
    "nyaa.general.go_random_player": "Feel lucky",
    "nyaa.general.go_random_player_again": "One more luck",
    "nyaa.app_menu.section_title.others": "Others",
    "nyaa.home.explore_link_label": "Explore",
    "nyaa.home.starring_number.uptime": "Uptime",
    "nyaa.home.starring_number.total_players": "Total Players",
    "nyaa.player_list.yesterday_active_count_label": "Yesterday active",
    "nyaa.player_list.search_result_total_label": "Search result",
    "nyaa.player_list.match_history_name": "History",
    "nyaa.player_list.load_more_button_label": "Load more",
    "nyaa.player_info.first_login": "First login",
    "nyaa.player_info.last_active": "Last active",
    "nyaa.player_info.total_online": "Total online",
    "nyaa.player_name_history.section_title": "Name History",
    "nyaa.player_name_history.first_name": "First name",
    "nyaa.player_ore_graph.section_title": "Ore Graph",
    "nyaa.player_ore_graph.control_label.show_original_data": "Show Original Data",
    "nyaa.player_ore_graph.control_label.show_net_value": "Show Net Value",
    "nyaa.player_ore_graph.item_name.original_hint": "Mined / Used",
    "nyaa.player_ore_graph.item_name.total": "Total",
    "nyaa.player_ore_graph.item_name.coal_ore": "Coal",
    "nyaa.player_ore_graph.item_name.iron_ore": "Iron",
    "nyaa.player_ore_graph.item_name.lapis_ore": "Lapis",
    "nyaa.player_ore_graph.item_name.gold_ore": "Gold",
    "nyaa.player_ore_graph.item_name.diamond_ore": "Diamond",
    "nyaa.player_ore_graph.item_name.redstone_ore": "Redstone",
    "nyaa.player_ore_graph.item_name.emerald_ore": "Emerald",
    "nyaa.player_ore_graph.item_name.nether_quartz_ore": "Nether Quartz",
    "nyaa.player_advancements.section_title": "Advancements",
    "nyaa.player_advancements.progress_completed": "%s completed",
    "nyaa.player_advancements.update_time": "Update time",
    "nyaa.player_advancements.status_unlocked": "Unlocked",
    "nyaa.player_statistics.section_title": "Statistics",
    "nyaa.config.display_language": "Display language",
    "nyaa.config.show_all_advancements": "Show unlocked advancements",
    "nyaa.config.show_long_statistics": "Show concrete numbers",
    "nyaa.unit.distance_meter.singular": "meter",
    "nyaa.unit.distance_meter.plural": "meters",
    "nyaa.unit.action_time.singular": "time",
    "nyaa.unit.action_time.plural": "times",
    "nyaa.unit.health_point.singular": "point",
    "nyaa.unit.health_point.plural": "points",
    "nyaa.symbol.colon_s": ": ",
    "nyaa.symbol.parentheses.left": "(",
    "nyaa.symbol.parentheses.right": ")"
  },
  "zh_cn": {
    "advancements.adventure.adventuring_time.description": "发现所有的生物群系",
    "advancements.adventure.adventuring_time.title": "探索的时光",
    "advancements.adventure.arbalistic.description": "用弩一发击杀五只不同的生物",
    "advancements.adventure.arbalistic.title": "劲弩手",
    "advancements.adventure.hero_of_the_village.description": "成功在袭击中保卫村庄",
    "advancements.adventure.hero_of_the_village.title": "村庄英雄",
    "advancements.adventure.kill_a_mob.description": "杀死任意敌对性怪物",
    "advancements.adventure.kill_a_mob.title": "怪物猎人",
    "advancements.adventure.kill_all_mobs.description": "杀死每一种敌对性怪物",
    "advancements.adventure.kill_all_mobs.title": "资深怪物猎人",
    "advancements.adventure.ol_betsy.description": "用弩进行一次射击",
    "advancements.adventure.ol_betsy.title": "扣下悬刀",
    "advancements.adventure.root.description": "冒险、探索与战斗",
    "advancements.adventure.root.title": "冒险",
    "advancements.adventure.shoot_arrow.description": "用弓箭射点什么",
    "advancements.adventure.shoot_arrow.title": "瞄准目标",
    "advancements.adventure.sleep_in_bed.description": "改变你的重生点",
    "advancements.adventure.sleep_in_bed.title": "甜蜜的梦",
    "advancements.adventure.sniper_duel.description": "从50米开外击杀一只骷髅",
    "advancements.adventure.sniper_duel.title": "狙击手的对决",
    "advancements.adventure.summon_iron_golem.description": "召唤一只铁傀儡来帮忙守卫村庄",
    "advancements.adventure.summon_iron_golem.title": "招募援兵",
    "advancements.adventure.throw_trident.description": "往什么东西扔出三叉戟。\n注：别把你唯一的武器也抖掉了。",
    "advancements.adventure.throw_trident.title": "抖包袱",
    "advancements.adventure.totem_of_undying.description": "利用不死图腾逃离死神",
    "advancements.adventure.totem_of_undying.title": "超越生死",
    "advancements.adventure.trade.description": "成功与一名村民进行交易",
    "advancements.adventure.trade.title": "成交！",
    "advancements.adventure.two_birds_one_arrow.description": "用一支穿透箭射杀两只幻翼",
    "advancements.adventure.two_birds_one_arrow.title": "一箭双雕",
    "advancements.adventure.very_very_frightening.description": "雷击一名村民",
    "advancements.adventure.very_very_frightening.title": "魔女审判",
    "advancements.adventure.voluntary_exile.description": "杀死一名袭击队长。\n或许该考虑暂时远离村庄……",
    "advancements.adventure.voluntary_exile.title": "自我放逐",
    "advancements.adventure.whos_the_pillager_now.description": "让掠夺者也尝尝弩的滋味",
    "advancements.adventure.whos_the_pillager_now.title": "现在谁才是掠夺者？",
    "advancements.end.dragon_breath.description": "用玻璃瓶收集一些龙息",
    "advancements.end.dragon_breath.title": "你需要来点薄荷糖",
    "advancements.end.dragon_egg.description": "获得龙蛋",
    "advancements.end.dragon_egg.title": "下一世代",
    "advancements.end.elytra.description": "找到鞘翅",
    "advancements.end.elytra.title": "天空即为极限",
    "advancements.end.enter_end_gateway.description": "逃离这个岛屿",
    "advancements.end.enter_end_gateway.title": "远程折跃",
    "advancements.end.find_end_city.description": "进去吧，又能发生什么呢？",
    "advancements.end.find_end_city.title": "在游戏尽头的城市",
    "advancements.end.kill_dragon.description": "祝君好运",
    "advancements.end.kill_dragon.title": "解放末地",
    "advancements.end.levitate.description": "利用潜影贝的攻击向上漂浮50个方块",
    "advancements.end.levitate.title": "这上面的风景不错",
    "advancements.end.respawn_dragon.description": "复活末影龙",
    "advancements.end.respawn_dragon.title": "结束了…再一次…",
    "advancements.end.root.description": "还是开始了？",
    "advancements.end.root.title": "末地",
    "advancements.husbandry.balanced_diet.description": "尝遍天下食材，即便是对身体不好的",
    "advancements.husbandry.balanced_diet.title": "均衡饮食",
    "advancements.husbandry.break_diamond_hoe.description": "用坏一把钻石锄，然后重新考虑你的人生抉择",
    "advancements.husbandry.break_diamond_hoe.title": "终极奉献",
    "advancements.husbandry.bred_all_animals.description": "繁殖每种动物！",
    "advancements.husbandry.bred_all_animals.title": "成双成对",
    "advancements.husbandry.breed_an_animal.description": "繁殖一对动物",
    "advancements.husbandry.breed_an_animal.title": "我从哪儿来？",
    "advancements.husbandry.complete_catalogue.description": "驯服所有种类的猫！",
    "advancements.husbandry.complete_catalogue.title": "百猫全书",
    "advancements.husbandry.fishy_business.description": "钓到一条鱼",
    "advancements.husbandry.fishy_business.title": "腥味十足的生意",
    "advancements.husbandry.plant_seed.description": "种下种子，见证它的成长",
    "advancements.husbandry.plant_seed.title": "开荒垦地",
    "advancements.husbandry.root.description": "世界无处没有朋友与美食",
    "advancements.husbandry.root.title": "农牧业",
    "advancements.husbandry.tactical_fishing.description": "不用钓鱼竿抓住一条鱼！",
    "advancements.husbandry.tactical_fishing.title": "战术性钓鱼",
    "advancements.husbandry.tame_an_animal.description": "驯服一只动物",
    "advancements.husbandry.tame_an_animal.title": "永恒的伙伴",
    "advancements.nether.all_effects.description": "同时拥有所有状态效果",
    "advancements.nether.all_effects.title": "为什么会变成这样呢？",
    "advancements.nether.all_potions.description": "同时拥有所有药水效果",
    "advancements.nether.all_potions.title": "狂乱的鸡尾酒",
    "advancements.nether.brew_potion.description": "酿造一瓶药水",
    "advancements.nether.brew_potion.title": "本地酿造厂",
    "advancements.nether.create_beacon.description": "建造并放置一个信标",
    "advancements.nether.create_beacon.title": "带信标回家",
    "advancements.nether.create_full_beacon.description": "让一个信标发挥最大功效",
    "advancements.nether.create_full_beacon.title": "信标工程师",
    "advancements.nether.fast_travel.description": "利用下界移动对应主世界7千米的距离",
    "advancements.nether.fast_travel.title": "四维碎块",
    "advancements.nether.find_fortress.description": "用你的方式进入下界要塞",
    "advancements.nether.find_fortress.title": "阴森的要塞",
    "advancements.nether.get_wither_skull.description": "获得凋灵骷髅的头颅",
    "advancements.nether.get_wither_skull.title": "惊悚恐怖骷髅头",
    "advancements.nether.obtain_blaze_rod.description": "让烈焰人从烈焰棒中解放吧",
    "advancements.nether.obtain_blaze_rod.title": "与火共舞",
    "advancements.nether.return_to_sender.description": "用一团火球干掉一只恶魂",
    "advancements.nether.return_to_sender.title": "见鬼去吧",
    "advancements.nether.root.description": "记得带夏装",
    "advancements.nether.root.title": "下界",
    "advancements.nether.summon_wither.description": "召唤一只凋灵",
    "advancements.nether.summon_wither.title": "凋零山庄",
    "advancements.nether.uneasy_alliance.description": "从下界救出一只恶魂，将其安全地带到主世界……然后干掉它",
    "advancements.nether.uneasy_alliance.title": "脆弱的同盟",
    "advancements.story.cure_zombie_villager.description": "弱化并治疗一名僵尸村民",
    "advancements.story.cure_zombie_villager.title": "僵尸科医生",
    "advancements.story.deflect_arrow.description": "用盾牌反弹一根箭",
    "advancements.story.deflect_arrow.title": "不吃这套，谢谢",
    "advancements.story.enchant_item.description": "在附魔台里附魔一样物品",
    "advancements.story.enchant_item.title": "附魔师",
    "advancements.story.enter_the_end.description": "进入末地传送门",
    "advancements.story.enter_the_end.title": "结束了？",
    "advancements.story.enter_the_nether.description": "建造、启动并进入一个下界传送门",
    "advancements.story.enter_the_nether.title": "勇往直下",
    "advancements.story.follow_ender_eye.description": "跟随末影之眼",
    "advancements.story.follow_ender_eye.title": "隔墙有眼",
    "advancements.story.form_obsidian.description": "创造并挖掘一块黑曜石",
    "advancements.story.form_obsidian.title": "冰桶挑战",
    "advancements.story.iron_tools.description": "升级你的镐",
    "advancements.story.iron_tools.title": "这不是铁镐么",
    "advancements.story.lava_bucket.description": "用桶装点熔岩",
    "advancements.story.lava_bucket.title": "热腾腾的",
    "advancements.story.mine_diamond.description": "获得钻石",
    "advancements.story.mine_diamond.title": "钻石！",
    "advancements.story.mine_stone.description": "用你的新镐挖掘石头",
    "advancements.story.mine_stone.title": "石器时代",
    "advancements.story.obtain_armor.description": "用铁盔甲来保护你自己",
    "advancements.story.obtain_armor.title": "整装上阵",
    "advancements.story.root.description": "游戏的核心与故事",
    "advancements.story.root.title": "Minecraft",
    "advancements.story.shiny_gear.description": "钻石盔甲能救人",
    "advancements.story.shiny_gear.title": "钻石护体",
    "advancements.story.smelt_iron.description": "冶炼出一块铁锭",
    "advancements.story.smelt_iron.title": "来硬的",
    "advancements.story.upgrade_tools.description": "制作一把更好的镐",
    "advancements.story.upgrade_tools.title": "获得升级",
    "cat.tabby": "虎斑猫",
    "cat.black": "西服猫",
    "cat.red": "红虎斑猫",
    "cat.siamese": "暹罗猫",
    "cat.british_shorthair": "英国短毛猫",
    "cat.calico": "花猫",
    "cat.persian": "波斯猫",
    "cat.ragdoll": "布偶猫",
    "cat.white": "白猫",
    "cat.jellie": "Jellie",
    "cat.all_black": "黑猫",
    "biome.minecraft.badlands": "恶地",
    "biome.minecraft.badlands_plateau": "恶地高原",
    "biome.minecraft.bamboo_jungle": "竹林",
    "biome.minecraft.bamboo_jungle_hills": "竹林丘陵",
    "biome.minecraft.beach": "沙滩",
    "biome.minecraft.birch_forest": "桦木森林",
    "biome.minecraft.birch_forest_hills": "桦木森林丘陵",
    "biome.minecraft.cold_ocean": "冷水海洋",
    "biome.minecraft.dark_forest": "黑森林",
    "biome.minecraft.deep_cold_ocean": "冷水深海",
    "biome.minecraft.deep_frozen_ocean": "封冻深海",
    "biome.minecraft.deep_lukewarm_ocean": "温水深海",
    "biome.minecraft.desert": "沙漠",
    "biome.minecraft.desert_hills": "沙漠丘陵",
    "biome.minecraft.forest": "森林",
    "biome.minecraft.frozen_river": "冻河",
    "biome.minecraft.giant_tree_taiga": "巨型针叶林",
    "biome.minecraft.giant_tree_taiga_hills": "巨型针叶林丘陵",
    "biome.minecraft.jungle": "丛林",
    "biome.minecraft.jungle_edge": "丛林边缘",
    "biome.minecraft.jungle_hills": "丛林丘陵",
    "biome.minecraft.lukewarm_ocean": "温水海洋",
    "biome.minecraft.mountains": "山地",
    "biome.minecraft.mushroom_field_shore": "蘑菇岛岸",
    "biome.minecraft.mushroom_fields": "蘑菇岛",
    "biome.minecraft.plains": "草原",
    "biome.minecraft.river": "河流",
    "biome.minecraft.savanna": "热带草原",
    "biome.minecraft.savanna_plateau": "热带高原",
    "biome.minecraft.snowy_beach": "积雪的沙滩",
    "biome.minecraft.snowy_mountains": "雪山",
    "biome.minecraft.snowy_taiga": "积雪的针叶林",
    "biome.minecraft.snowy_taiga_hills": "积雪的针叶林丘陵",
    "biome.minecraft.snowy_tundra": "积雪的冻原",
    "biome.minecraft.stone_shore": "石岸",
    "biome.minecraft.swamp": "沼泽",
    "biome.minecraft.taiga": "针叶林",
    "biome.minecraft.taiga_hills": "针叶林丘陵",
    "biome.minecraft.warm_ocean": "暖水海洋",
    "biome.minecraft.wooded_badlands_plateau": "繁茂的恶地高原",
    "biome.minecraft.wooded_hills": "繁茂的丘陵",
    "biome.minecraft.wooded_mountains": "繁茂的山地",
    "entity.minecraft.blaze": "烈焰人",
    "entity.minecraft.cat": "猫",
    "entity.minecraft.cave_spider": "洞穴蜘蛛",
    "entity.minecraft.chicken": "鸡",
    "entity.minecraft.cow": "牛",
    "entity.minecraft.creeper": "苦力怕",
    "entity.minecraft.drowned": "溺尸",
    "entity.minecraft.enderman": "末影人",
    "entity.minecraft.evoker": "唤魔者",
    "entity.minecraft.fox": "狐狸",
    "entity.minecraft.ghast": "恶魂",
    "entity.minecraft.guardian": "守卫者",
    "entity.minecraft.horse": "马",
    "entity.minecraft.husk": "尸壳",
    "entity.minecraft.llama": "羊驼",
    "entity.minecraft.magma_cube": "岩浆怪",
    "entity.minecraft.mooshroom": "哞菇",
    "entity.minecraft.ocelot": "豹猫",
    "entity.minecraft.panda": "熊猫",
    "entity.minecraft.phantom": "幻翼",
    "entity.minecraft.pig": "猪",
    "entity.minecraft.pillager": "掠夺者",
    "entity.minecraft.rabbit": "兔子",
    "entity.minecraft.ravager": "劫掠兽",
    "entity.minecraft.sheep": "羊",
    "entity.minecraft.shulker": "潜影贝",
    "entity.minecraft.silverfish": "蠹虫",
    "entity.minecraft.skeleton": "骷髅",
    "entity.minecraft.slime": "史莱姆",
    "entity.minecraft.spider": "蜘蛛",
    "entity.minecraft.stray": "流浪者",
    "entity.minecraft.turtle": "海龟",
    "entity.minecraft.vindicator": "卫道士",
    "entity.minecraft.witch": "女巫",
    "entity.minecraft.wither_skeleton": "凋灵骷髅",
    "entity.minecraft.wolf": "狼",
    "entity.minecraft.zombie": "僵尸",
    "entity.minecraft.zombie_pigman": "僵尸猪人",
    "entity.minecraft.zombie_villager": "僵尸村民",
    "item.minecraft.apple": "苹果",
    "item.minecraft.baked_potato": "烤马铃薯",
    "item.minecraft.beef": "生牛肉",
    "item.minecraft.beetroot": "甜菜根",
    "item.minecraft.beetroot_soup": "甜菜汤",
    "item.minecraft.bread": "面包",
    "item.minecraft.carrot": "胡萝卜",
    "item.minecraft.chicken": "生鸡肉",
    "item.minecraft.chorus_fruit": "紫颂果",
    "item.minecraft.cod": "生鳕鱼",
    "item.minecraft.cooked_beef": "牛排",
    "item.minecraft.cooked_chicken": "熟鸡肉",
    "item.minecraft.cooked_cod": "熟鳕鱼",
    "item.minecraft.cooked_mutton": "熟羊肉",
    "item.minecraft.cooked_porkchop": "熟猪排",
    "item.minecraft.cooked_rabbit": "熟兔肉",
    "item.minecraft.cooked_salmon": "熟鲑鱼",
    "item.minecraft.cookie": "曲奇",
    "item.minecraft.dried_kelp": "干海带",
    "item.minecraft.enchanted_golden_apple": "附魔金苹果",
    "item.minecraft.golden_apple": "金苹果",
    "item.minecraft.golden_carrot": "金胡萝卜",
    "item.minecraft.melon_slice": "西瓜片",
    "item.minecraft.mushroom_stew": "蘑菇煲",
    "item.minecraft.mutton": "生羊肉",
    "item.minecraft.poisonous_potato": "毒马铃薯",
    "item.minecraft.porkchop": "生猪排",
    "item.minecraft.potato": "马铃薯",
    "item.minecraft.pufferfish": "河豚",
    "item.minecraft.pumpkin_pie": "南瓜派",
    "item.minecraft.rabbit": "生兔肉",
    "item.minecraft.rabbit_stew": "兔肉煲",
    "item.minecraft.rotten_flesh": "腐肉",
    "item.minecraft.salmon": "生鲑鱼",
    "item.minecraft.spider_eye": "蜘蛛眼",
    "item.minecraft.suspicious_stew": "迷之炖菜",
    "item.minecraft.sweet_berries": "甜浆果",
    "item.minecraft.tropical_fish": "热带鱼",
    "advancements.adventure.honey_block_slide.description": "跳入蜂蜜块以缓解摔落",
    "advancements.adventure.honey_block_slide.title": "胶着状态",
    "advancements.husbandry.safely_harvest_honey.description": "利用营火在不惊动蜜蜂的情况下从蜂巢收集蜂蜜",
    "advancements.husbandry.safely_harvest_honey.title": "与蜂共舞",
    "advancements.husbandry.silk_touch_nest.description": "用精准采集移动住着3只蜜蜂的蜂巢",
    "advancements.husbandry.silk_touch_nest.title": "举巢搬迁",
    "entity.minecraft.bee": "蜜蜂",
    "item.minecraft.honey_bottle": "蜂蜜瓶",
    "stat.minecraft.animals_bred": "繁殖动物次数",
    "stat.minecraft.aviate_one_cm": "鞘翅滑行距离",
    "stat.minecraft.bell_ring": "鸣钟次数",
    "stat.minecraft.boat_one_cm": "坐船移动距离",
    "stat.minecraft.clean_armor": "清洗盔甲次数",
    "stat.minecraft.clean_banner": "清洗旗帜次数",
    "stat.minecraft.clean_shulker_box": "潜影盒清洗次数",
    "stat.minecraft.climb_one_cm": "已攀爬距离",
    "stat.minecraft.crouch_one_cm": "潜行距离",
    "stat.minecraft.damage_absorbed": "吸收的伤害",
    "stat.minecraft.damage_blocked_by_shield": "盾牌抵挡的伤害",
    "stat.minecraft.damage_dealt": "造成伤害",
    "stat.minecraft.damage_dealt_absorbed": "造成伤害（被吸收）",
    "stat.minecraft.damage_dealt_resisted": "造成伤害（被抵挡）",
    "stat.minecraft.damage_resisted": "抵挡的伤害",
    "stat.minecraft.damage_taken": "受到伤害",
    "stat.minecraft.deaths": "死亡次数",
    "stat.minecraft.drop": "物品掉落",
    "stat.minecraft.eat_cake_slice": "吃掉的蛋糕片数",
    "stat.minecraft.enchant_item": "物品附魔次数",
    "stat.minecraft.fall_one_cm": "摔落高度",
    "stat.minecraft.fill_cauldron": "炼药锅装水次数",
    "stat.minecraft.fish_caught": "捕鱼数",
    "stat.minecraft.fly_one_cm": "飞行距离",
    "stat.minecraft.horse_one_cm": "骑马移动距离",
    "stat.minecraft.inspect_dispenser": "搜查发射器次数",
    "stat.minecraft.inspect_dropper": "搜查投掷器次数",
    "stat.minecraft.inspect_hopper": "搜查漏斗次数",
    "stat.minecraft.interact_with_anvil": "与铁砧互动次数",
    "stat.minecraft.interact_with_beacon": "与信标互动次数",
    "stat.minecraft.interact_with_blast_furnace": "与高炉互动次数",
    "stat.minecraft.interact_with_brewingstand": "与酿造台互动次数",
    "stat.minecraft.interact_with_campfire": "与营火互动次数",
    "stat.minecraft.interact_with_cartography_table": "与制图台互动次数",
    "stat.minecraft.interact_with_crafting_table": "与工作台互动次数",
    "stat.minecraft.interact_with_furnace": "与熔炉互动次数",
    "stat.minecraft.interact_with_grindstone": "与砂轮互动次数",
    "stat.minecraft.interact_with_lectern": "与讲台互动次数",
    "stat.minecraft.interact_with_loom": "与织布机互动次数",
    "stat.minecraft.interact_with_smoker": "与烟熏炉互动次数",
    "stat.minecraft.interact_with_stonecutter": "与切石机互动次数",
    "stat.minecraft.jump": "跳跃次数",
    "stat.minecraft.junk_fished": "钓到垃圾次数",
    "stat.minecraft.leave_game": "游戏退出次数",
    "stat.minecraft.minecart_one_cm": "坐矿车移动距离",
    "stat.minecraft.mob_kills": "生物击杀数",
    "stat.minecraft.open_barrel": "木桶打开次数",
    "stat.minecraft.open_chest": "箱子打开次数",
    "stat.minecraft.open_enderchest": "末影箱打开次数",
    "stat.minecraft.open_shulker_box": "潜影盒打开次数",
    "stat.minecraft.pig_one_cm": "骑猪移动距离",
    "stat.minecraft.play_noteblock": "音符盒播放次数",
    "stat.minecraft.play_one_minute": "游戏时间",
    "stat.minecraft.play_record": "播放唱片数",
    "stat.minecraft.player_kills": "玩家击杀数",
    "stat.minecraft.pot_flower": "盆栽种植数",
    "stat.minecraft.raid_trigger": "触发袭击次数",
    "stat.minecraft.raid_win": "袭击胜利次数",
    "stat.minecraft.ring_bell": "鸣钟次数",
    "stat.minecraft.sleep_in_bed": "躺在床上的次数",
    "stat.minecraft.sneak_time": "潜行时间",
    "stat.minecraft.sprint_one_cm": "疾跑距离",
    "stat.minecraft.swim_one_cm": "游泳距离",
    "stat.minecraft.talked_to_villager": "村民交互次数",
    "stat.minecraft.time_since_death": "自上次死亡",
    "stat.minecraft.time_since_rest": "距上次休息",
    "stat.minecraft.traded_with_villager": "村民交易次数",
    "stat.minecraft.treasure_fished": "钓到宝藏次数",
    "stat.minecraft.trigger_trapped_chest": "陷阱箱触发次数",
    "stat.minecraft.tune_noteblock": "音符盒调音次数",
    "stat.minecraft.use_cauldron": "从炼药锅取水次数",
    "stat.minecraft.walk_on_water_one_cm": "水面行走距离",
    "stat.minecraft.walk_one_cm": "行走距离",
    "stat.minecraft.walk_under_water_one_cm": "水下行走距离",
    "nyaa.player_list.search_result_total_label.plural": "搜索到 %s 名玩家",
    "nyaa.home.starring_number.recently_active": "近期活跃",
    "nyaa.general.data_update_time": "数据更新时间",
    "nyaa.general.search_placeholder": "按名称 / UUID 搜索玩家",
    "nyaa.general.go_random_player": "随机查看",
    "nyaa.general.go_random_player_again": "再随机一次",
    "nyaa.app_menu.section_title.others": "其他",
    "nyaa.home.explore_link_label": "去看看",
    "nyaa.home.starring_number.uptime": "世界历时",
    "nyaa.home.starring_number.total_players": "玩家总数",
    "nyaa.player_list.yesterday_active_count_label": "昨日在线",
    "nyaa.player_list.search_result_total_label": "搜索结果",
    "nyaa.player_list.match_history_name": "历史名称",
    "nyaa.player_list.load_more_button_label": "加载更多",
    "nyaa.player_info.first_login": "初次登录",
    "nyaa.player_info.last_active": "上次活动",
    "nyaa.player_info.total_online": "总计在线",
    "nyaa.player_name_history.section_title": "名称历史",
    "nyaa.player_name_history.first_name": "初始名称",
    "nyaa.player_ore_graph.section_title": "采矿图表",
    "nyaa.player_ore_graph.control_label.show_original_data": "显示原始数据",
    "nyaa.player_ore_graph.control_label.show_net_value": "显示净差值",
    "nyaa.player_ore_graph.item_name.original_hint": "开采量 / 使用量",
    "nyaa.player_ore_graph.item_name.total": "全部",
    "nyaa.player_ore_graph.item_name.coal_ore": "煤",
    "nyaa.player_ore_graph.item_name.iron_ore": "铁",
    "nyaa.player_ore_graph.item_name.lapis_ore": "青金石",
    "nyaa.player_ore_graph.item_name.gold_ore": "金",
    "nyaa.player_ore_graph.item_name.diamond_ore": "钻石",
    "nyaa.player_ore_graph.item_name.redstone_ore": "红石",
    "nyaa.player_ore_graph.item_name.emerald_ore": "绿宝石",
    "nyaa.player_ore_graph.item_name.nether_quartz_ore": "下界石英",
    "nyaa.player_advancements.section_title": "进度",
    "nyaa.player_advancements.progress_completed": "%s 已完成",
    "nyaa.player_advancements.update_time": "更新时间",
    "nyaa.player_advancements.status_unlocked": "未解锁",
    "nyaa.player_statistics.section_title": "统计",
    "nyaa.config.display_language": "界面语言",
    "nyaa.config.show_all_advancements": "显示未解锁进度",
    "nyaa.config.show_long_statistics": "显示具体数字",
    "nyaa.unit.distance_meter.singular": "米",
    "nyaa.unit.distance_meter.plural": "米",
    "nyaa.unit.action_time.singular": "次",
    "nyaa.unit.action_time.plural": "次",
    "nyaa.unit.health_point.singular": "点",
    "nyaa.unit.health_point.plural": "点",
    "nyaa.symbol.colon_s": "：",
    "nyaa.symbol.parentheses.left": "（",
    "nyaa.symbol.parentheses.right": "）"
  }
}
